<metadata><idinfo><citation><citeinfo><origin>Labay, K.</origin><origin>Burger, M.H.</origin><origin>Bellora, J.D.</origin><origin>Schulz, K.J.</origin><origin>DeYoung, J.H., Jr.</origin><origin>Seal, R.R., II</origin><origin>Bradley, D.C.</origin><origin>Mauk, J.L.</origin><origin>San Juan, C.A.</origin><pubdate>2017</pubdate><title>PP1802_CritMin_polys</title><geoform>Vector Digital Data Set (Polygon)</geoform><serinfo><sername>USGS Data Release</sername><issue>10.5066/F7GH9GQR</issue></serinfo><pubinfo><pubplace>Reston, Virginia</pubplace><publish>U.S. Geological Survey</publish></pubinfo><onlink>https://doi.org/10.5066/F7GH9GQR</onlink><onlink>https://mrdata.usgs.gov/major-deposits/</onlink><lworkcit><citeinfo><origin>Schulz, K.J.</origin><origin>DeYoung, J.H., Jr.</origin><origin>Seal, R.R., II</origin><origin>Bradley, D.C.</origin><pubdate>2017</pubdate><title>Critical Mineral Resources of the United States—Economic and Environmental Geology and Prospects for Future Supply</title><edition>1.0</edition><geoform>Publication (Other)</geoform><serinfo><sername>Professional Paper</sername><issue>1802 (2017)</issue></serinfo><pubinfo><pubplace>Reston, VA</pubplace><publish>U.S. Geological Survey</publish></pubinfo><onlink>https://doi.org/10.3133/pp1802</onlink></citeinfo></lworkcit></citeinfo></citation><descript><abstract>The point and polygon layers within this geodatabase present the global distribution of selected mineral resource features (deposits, mines, districts, mineral regions) for 22 minerals or mineral commodities considered critical to the economy and security of the United States as of 2017. These data complement the report by Schulz and others (2017) which provides national and global information on 23 critical minerals - antimony (Sb), barite (barium, Ba), beryllium (Be), cobalt (Co), fluorite or fluorspar (fluorine, F), gallium (Ga), germanium (Ge), graphite (carbon, C), hafnium (Hf), indium (In), lithium (Li), manganese (Mn), niobium (Nb), platinum-group elements (PGE), rare-earth elements (REE), rhenium (Re), selenium (Se), tantalum (Ta), tellurium (Te), tin (Sn), titanium (Ti), vanadium (V), and zirconium (Zr) resources. The geospatial locations for deposits containing selenium, which is recovered mainly as a byproduct of other produced mineral commodities, is not included in this geodatabase. These geospatial data and the accompanying report are an update to information published in 1973 in U.S. Geological Survey Professional Paper 820, United States Mineral Resources. For the current and full discussion of the individual critical minerals, their uses, identified resources, national and global distribution, geologic overview, resource assessment, and geoenvironmental considerations see: Schulz, K.J., DeYoung, J.H., Jr., Seal, R.R., II, and Bradley, D.C., eds., 2017, Critical mineral resources of the United States—Economic and environmental geology and prospects for future supply: U.S. Geological Survey Professional Paper 1802, 777 p., https://doi.org/10.3133/pp1802</abstract><purpose>The data represent the global distribution of selected critical mineral resources in mines, deposits, districts, and regions as of 2017. The geospatial data provide generalized information such as feature name, deposit type, and location description. The data are used in the analysis of current and future supply chains of mineral commodities important to the U.S. economy and security and the environmental consequences related to their production and use. The point and polygon vector data in the geodatabase are suitable for use in Geographic Information Systems (GIS) or other database and geospatial software. The data may be used to develop maps, perform regional-scale geospatial analyses, or assess mineral resources in the areas covered by the data. The information is intended to meet the needs of a wide community of users that includes the geoscience and mineral exploration communities as well as State and Federal agencies, Congress, private industry, and the general public.</purpose><supplinf>The locations of critical mineral resource features, for example, mines or deposits, are most commonly reported as latitude and longitude coordinates or shown as points in source maps and reports. Occasionally these features are described or shown as areas. For this reason, most critical mineral locations are provided in a point feature class in the corresponding ArcGIS 10.0 file geodatabase, and a few are provided as areal outlines in the polygon feature class. Not all deposit locations are discussed in the accompanying report. The ArcGIS feature classes are also provided as Esri shapefiles. Attribute field names in the shapefiles are limited to 10-characters; therefore, truncated shapefile field names are provided in brackets in the “Attribute Label” description where applicable (for example, Deposit_Type [Deposit_Ty]).</supplinf></descript><timeperd><timeinfo><sngdate><caldate>2017</caldate></sngdate></timeinfo><current>publication date</current></timeperd><status><progress>Complete</progress><update>None planned</update></status><spdom><bounding><westbc>-69.20642921</westbc><eastbc>117.775230498</eastbc><northbc>45.055984778</northbc><southbc>-21.900491228</southbc></bounding></spdom><keywords><theme><themekt>Alexandria Digital Library Feature Type Thesaurus</themekt><themekey>mine sites</themekey><themekey>reserves</themekey></theme><theme><themekt>USGS Thesaurus</themekt><themekey>economic geology</themekey><themekey>geospatial datasets</themekey><themekey>mineral resources</themekey><themekey>web map services</themekey><themekey>antimony</themekey><themekey>barium</themekey><themekey>beryllium</themekey><themekey>cobalt</themekey><themekey>fluorine</themekey><themekey>gallium</themekey><themekey>hafnium</themekey><themekey>lithium</themekey><themekey>manganese</themekey><themekey>niobium</themekey><themekey>platinum-group elements</themekey><themekey>rare-earth elements</themekey><themekey>rhenium</themekey><themekey>selenium</themekey><themekey>tantalum</themekey><themekey>tellurium</themekey><themekey>tin</themekey><themekey>titanium</themekey><themekey>vanadium</themekey><themekey>zirconium</themekey><themekey>mineral deposits</themekey></theme><theme><themekt>ISO 19115 Topic Category</themekt><themekey>geoscientificInformation</themekey></theme><theme><themekt>None</themekt><themekey>deposit type</themekey><themekey>geoenvironmental  model</themekey><themekey>mineral commodity</themekey><themekey>mineral occurrence</themekey><themekey>critical mineral resource</themekey><themekey>mining</themekey><themekey>nonfuel mineral resources</themekey><themekey>resource</themekey></theme><place><placekt>Common geographic areas</placekt><placekey>fLD50 = Africa</placekey><placekey>fLD80 = Asia Minor and Middle East</placekey><placekey>fLD60 = Australia and New Zealand</placekey><placekey>fLD20 = Central America</placekey><placekey>fLD40 = Europe</placekey><placekey>fLD10 = North America</placekey><placekey>fLD30 = South America</placekey><placekey>fLD90 = Southeast Asia</placekey><placekey>Asia</placekey><placekey>China</placekey><placekey>Korea, Republic of</placekey></place></keywords><accconst>none</accconst><useconst>The data are intended to show the general global distribution of selected mineral deposits and regions containing critical minerals. The data are not suitable for spatial analyses except at regional scales.   Data have been checked to ensure consistency with the accompanying report. If any errors are detected, please notify the originating office. The U.S. Geological Survey strongly recommends that careful attention be paid to the metadata file associated with these data.</useconst><ptcontac><cntinfo><cntperp><cntper>Klaus J Schulz</cntper><cntorg>U.S. Geological Survey, Midwest Region</cntorg></cntperp><cntpos>Research Geologist</cntpos><cntaddr><addrtype>mailing address</addrtype><address>Mail Stop 954, 12201 Sunrise Valley Dr</address><city>Reston</city><state>VA</state><postal>20192</postal><country>United States</country></cntaddr><cntvoice>703-648-6320</cntvoice><cntfax>703-648-6383</cntfax><cntemail>kschulz@usgs.gov</cntemail></cntinfo></ptcontac><datacred>The data set was developed by the U.S. Geological Survey Eastern Mineral and Environmental Resources Science Center; Alaska Science Center - Geology Office; National Minerals Information Center; Geology, Minerals, Energy, and Geophysics Science Center; and the Central Mineral and Environmental Resources Science Center.</datacred><native>Environment as of Metadata Creation: Microsoft [Unknown] Version 6.2 (Build 9200) ; Esri ArcGIS 10.4.1 (Build 5696) Service Pack N/A (Build N/A)</native></idinfo><dataqual><attracc><attraccr>Unique values in attribute fields were checked through frequency analyses. The unique values in each attribute field were reviewed and checked for spelling, accuracy, and where possible consistency of terms, adherence to established vocabularies, and completeness. The names of deposits and (or) mines presented in the dataset may vary slightly from the names used in the accompanying report.</attraccr></attracc><logic>Data were checked for duplicate locations and (or) attributes and resolved as needed. Data locations and attributes were cross checked with corresponding tables in the accompanying report for consistency. Where possible, null values in attribute fields were populated.</logic><complete>Data represent the global distribution of selected mineral deposits critical to the United States economy or security as of 2017. The point and polygon data layers present selected deposit locations for 22 of the 23 critical mineral commodities (Sb, Ba, Be, Co, F, Ga, Ge, C, In, Li, Mn, Nb, PGE, REE, Re, Se, Ta, Te, Sn, Ti, V, Zr), most of which are described in the accompanying report. Locations for selenium (Se) were not included since selenium is recovered mainly as a byproduct of other produced mineral commodities.</complete><posacc><horizpa><horizpar>The data are intended to show the general global distribution of mineral deposits and regions containing critical minerals.  The data are not suitable for spatial analyses except at regional scales. The quality of locations is highly variable and generally reflects the accuracy of source reports and materials. Point locations are given in decimal degrees so the accuracy of the latitude and longitude may be reflected in the number of decimal places given.  Some locations are areas rather than points and the geographic coordinates are the approximate center of the area.</horizpar></horizpa><vertacc><vertaccr>Vertical accuracy in the data set is not applicable</vertaccr></vertacc></posacc><lineage><srcinfo><srccite><citeinfo><origin>Schulz, K.J., and others (eds.)</origin><pubdate>2017</pubdate><title>Critical mineral resources of the United States—Economic and environmental geology and prospects for future supply:</title><geoform>Publication (U.S. Geological Survey Professional Paper)</geoform><pubinfo><pubplace>Reston, Virginia</pubplace><publish>U.S. Geological Survey</publish></pubinfo><onlink>https://doi.org/10.3133/pp1802</onlink></citeinfo></srccite><typesrc>Digital and/or Hardcopy Resources</typesrc><srctime><timeinfo><sngdate><caldate>2017</caldate></sngdate></timeinfo><srccurr>publication date</srccurr></srctime><srccitea>PP2017-1802</srccitea><srccontr>Selected critical mineral deposits of the world</srccontr></srcinfo><procstep><procdesc>Geospatial locations for critical mineral deposits, districts, belts, etc. were compiled from a variety of sources including published reports, tables, maps, web sources, databases (for example, the USGS Mineral Resources Data System), and imagery. Some locations were confirmed using available imagery in applications such as Google Earth.  However, many locations may be one to tens of kilometers from their actual locations.  Most location information was summarized in Chapters C-V of the accompanying report (PP 1802 (2017)) along with descriptions of commodity uses, production and resources, geology, and geoenvironmental considerations.  Using these and other summaries, data were spatially integrated using ArcGIS for all mineral commodities except selenium (Chapter Q), which is recovered mainly as a byproduct of other mineral commodities.  Attribute information such as deposit name, deposit type, mineral or elemental commodity or elemental group (for example, PGE or REE), and country were added to the point and polygon feature classes. Data inspection and checks were performed throughout the compilation and reviews were performed to assess the accuracy and completeness of feature capture and attribution relative to the accompanying report. Data compilation was completed in 2017.</procdesc><procdate>20170627</procdate></procstep></lineage></dataqual><spdoinfo><direct>Vector</direct><ptvctinf><esriterm Name="PP1802_CritMin_polys"><efeatyp Sync="TRUE">Simple</efeatyp><efeageom code="4" Sync="TRUE"/><esritopo Sync="TRUE">FALSE</esritopo><efeacnt Sync="TRUE">4</efeacnt><spindex Sync="TRUE">TRUE</spindex><linrefer Sync="TRUE">FALSE</linrefer></esriterm></ptvctinf></spdoinfo><spref><horizsys><geograph><latres>0.0198392080</latres><longres>0.0200801927</longres><geogunit>Decimal seconds</geogunit></geograph><geodetic><horizdn>D_WGS_1984</horizdn><ellips>WGS_1984</ellips><semiaxis>6378137.0</semiaxis><denflat>298.257223563</denflat></geodetic></horizsys></spref><eainfo><detailed Name="PP1802_CritMin_polys"><enttyp><enttypl>Attribute Table</enttypl><enttypd>Table containing attribute information associated with the data set.</enttypd><enttypds>USGS Authors</enttypds><enttypt Sync="TRUE">Feature Class</enttypt><enttypc Sync="TRUE">4</enttypc></enttyp><attr><attrlabl Sync="TRUE">FID</attrlabl><attalias Sync="TRUE">FID</attalias><attrtype Sync="TRUE">OID</attrtype><attwidth Sync="TRUE">4</attwidth><atprecis Sync="TRUE">0</atprecis><attscale Sync="TRUE">0</attscale><attrdef Sync="TRUE">Internal feature number.</attrdef><attrdefs Sync="TRUE">Esri</attrdefs><attrdomv><udom Sync="TRUE">Sequential unique whole numbers that are automatically generated.</udom></attrdomv></attr><attr><attrlabl Sync="TRUE">Shape</attrlabl><attalias Sync="TRUE">Shape</attalias><attrtype Sync="TRUE">Geometry</attrtype><attwidth Sync="TRUE">0</attwidth><atprecis Sync="TRUE">0</atprecis><attscale Sync="TRUE">0</attscale><attrdef Sync="TRUE">Feature geometry.</attrdef><attrdefs Sync="TRUE">Esri</attrdefs><attrdomv><udom Sync="TRUE">Coordinates defining the features.</udom></attrdomv></attr><attr><attrlabl>DEPOSIT_NA</attrlabl><attrdef>Name of mineral resource feature.</attrdef><attrdefs>USGS Authors</attrdefs><attrdomv><udom>Name of mineral resource feature. Name of a mine, deposit, district, or mineral region.</udom></attrdomv><attalias Sync="TRUE">DEPOSIT_NA</attalias><attrtype Sync="TRUE">String</attrtype><attwidth Sync="TRUE">200</attwidth><atprecis Sync="TRUE">0</atprecis><attscale Sync="TRUE">0</attscale></attr><attr><attrlabl>CRITICAL_M</attrlabl><attrdef>Mineral or resource commodity.</attrdef><attrdefs>USGS Authors</attrdefs><attrdomv><udom>Mineral or resource commodity. Mineral, raw material, or product that can be bought or sold. In this database, the mineral commodity or commodity group is one which is considered critical to the United States economy and (or) security as of 2017. These critical mineral commodities have important uses and potentially unreliable supply.When multiple critical minerals and (or) commodities occur at a location, there is no significance to the order in which they are listed.</udom></attrdomv><attalias Sync="TRUE">CRITICAL_M</attalias><attrtype Sync="TRUE">String</attrtype><attwidth Sync="TRUE">50</attwidth><atprecis Sync="TRUE">0</atprecis><attscale Sync="TRUE">0</attscale></attr><attr><attrlabl>DEPOSIT_TY</attrlabl><attrdef>Generalized mineral-deposit type in which a critical mineral or commodity occurs.</attrdef><attrdefs>USGS Authors</attrdefs><attrdomv><udom>A classification used for a mineral deposit based on genetic and physical characteristics such as how the deposit formed, inherent value (tonnage and grade), mining and beneficiation methods that can be used to develop a deposit, and the remediation that must be done to minimize environmental impacts of mining. Many critical minerals may be produced as coproducts or byproducts from mineral deposits, thus some deposit types are listed because they could contain critical minerals.  If the deposit type was unknown, the value was listed as “Deposit type unclassified”.</udom></attrdomv><attalias Sync="TRUE">DEPOSIT_TY</attalias><attrtype Sync="TRUE">String</attrtype><attwidth Sync="TRUE">100</attwidth><atprecis Sync="TRUE">0</atprecis><attscale Sync="TRUE">0</attscale></attr><attr><attrlabl>LATITUDE</attrlabl><attrdef>Geographic location north or south of the equator reported in decimal degrees (WGS84). Negative values indicate latitudes south of the equator.</attrdef><attrdefs>USGS Authors</attrdefs><attrdomv><rdom><rdommin>-42.4213472223964</rdommin><rdommax>83.0799999999001</rdommax></rdom></attrdomv><attalias Sync="TRUE">LATITUDE</attalias><attrtype Sync="TRUE">Double</attrtype><attwidth Sync="TRUE">19</attwidth><atprecis Sync="TRUE">0</atprecis><attscale Sync="TRUE">0</attscale></attr><attr><attrlabl>LONGITUDE</attrlabl><attrdef>Geographic location east or west of the Greenwich prime meridian reported in decimal degrees (WGS84). Negative values indicate longitudes west of the Greenwich.</attrdef><attrdefs>USGS Authors</attrdefs><attrdomv><rdom><rdommin>-178.726667000182</rdommin><rdommax>177.85072</rdommax></rdom></attrdomv><attalias Sync="TRUE">LONGITUDE</attalias><attrtype Sync="TRUE">Double</attrtype><attwidth Sync="TRUE">19</attwidth><atprecis Sync="TRUE">0</atprecis><attscale Sync="TRUE">0</attscale></attr><attr><attrlabl>LOCATION</attrlabl><attrdef>Description of the general location of a mine, mineral deposit, district, or region associated with a critical mineral commodity.</attrdef><attrdefs>USGS Authors</attrdefs><attrdomv><udom>The location is typically a country, but in some cases, the location is a geographic setting, for example; the Atlantic Ocean.</udom></attrdomv><attalias Sync="TRUE">LOCATION</attalias><attrtype Sync="TRUE">String</attrtype><attwidth Sync="TRUE">200</attwidth><atprecis Sync="TRUE">0</atprecis><attscale Sync="TRUE">0</attscale></attr><attr><attrlabl>LOC_DETAIL</attrlabl><attrdef>More detailed description of the location.</attrdef><attrdefs>USGS Authors</attrdefs><attrdomv><udom>An additional description such as a State, region, Province, department, or adjacent country that expands the description of the “Location” field.</udom></attrdomv><attalias Sync="TRUE">LOC_DETAIL</attalias><attrtype Sync="TRUE">String</attrtype><attwidth Sync="TRUE">200</attwidth><atprecis Sync="TRUE">0</atprecis><attscale Sync="TRUE">0</attscale></attr><attr><attrlabl Sync="TRUE">SHAPE_Leng</attrlabl><attalias Sync="TRUE">SHAPE_Leng</attalias><attrtype Sync="TRUE">Double</attrtype><attwidth Sync="TRUE">19</attwidth><atprecis Sync="TRUE">0</atprecis><attscale Sync="TRUE">0</attscale></attr><attr><attrlabl Sync="TRUE">SHAPE_Area</attrlabl><attalias Sync="TRUE">SHAPE_Area</attalias><attrtype Sync="TRUE">Double</attrtype><attwidth Sync="TRUE">19</attwidth><atprecis Sync="TRUE">0</atprecis><attscale Sync="TRUE">0</attscale><attrdef Sync="TRUE">Area of feature in internal units squared.</attrdef><attrdefs Sync="TRUE">Esri</attrdefs><attrdomv><udom Sync="TRUE">Positive real numbers that are automatically generated.</udom></attrdomv></attr></detailed><overview><eaover>The entity and attribute information provided here describes the tabular data associated with the data set. Please review the detailed descriptions that are provided (the individual attribute descriptions) for information on the values that appear as fields/table entries of the data set.</eaover><eadetcit>The entity and attribute information was generated by the individual and (or) agency identified as the originator of the data set. Please review the rest of the metadata record for additional details and information.</eadetcit></overview></eainfo><distinfo><distrib><cntinfo><cntperp><cntper>GS ScienceBase</cntper><cntorg>U.S. Geological Survey</cntorg></cntperp><cntaddr><addrtype>mailing address</addrtype><address>Denver Federal Center, Building 810, Mail Stop 302</address><city>Denver</city><state>CO</state><postal>80225</postal><country>United States</country></cntaddr><cntvoice>1-888-275-8747</cntvoice><cntemail>sciencebase@usgs.gov</cntemail></cntinfo></distrib><resdesc>USGS Data Release 10.5066/ABCD1234, GIS data</resdesc><distliab>This database, identified as USGS Data Release https://doi.org/10.5066/F7GH9GQR, has been approved for release and publication by the U.S. Geological Survey (USGS). Although this database has been subjected to rigorous review and is substantially complete, the USGS reserves the right to revise the data pursuant to further analysis and review. Furthermore, it is released on condition that neither the USGS nor the United States Government may be held liable for any damages resulting from its authorized or unauthorized use. Although these data have been processed successfully on a computer system at the U.S. Geological Survey (USGS), no warranty expressed or implied is made regarding the display or utility of the data on any other system or for general or scientific purposes, nor shall the act of distribution constitute any such warranty. The USGS or the U.S. Government shall not be held liable for improper or incorrect use of the data described and/or contained herein. Any use of trade, product or firm names is for descriptive purposes only and does not imply endorsement by the U.S. Geological Survey. Permission to reproduce copyrighted items must be secured from the copyright owner.</distliab><stdorder><digform><digtinfo><formname>Vector Digital Data Set (Polygon)</formname><formvern>1.0</formvern><formcont>Critical mineral deposits with general deposit characteristics and commodity</formcont></digtinfo><digtopt><onlinopt><computer><networka><networkr>https://doi.org/10.5066/F7GH9GQR</networkr></networka></computer></onlinopt></digtopt></digform><fees>none</fees></stdorder></distinfo><metainfo><metd>20170707</metd><metc><cntinfo><cntperp><cntper>Carma A San Juan</cntper><cntorg>U.S. Geological Survey, Southwest Region</cntorg></cntperp><cntpos>Physical Scientist</cntpos><cntaddr><addrtype>mailing address</addrtype><address>Mail Stop 973, W 6th Ave Kipling St</address><city>Lakewood</city><state>CO</state><postal>80225</postal><country>United States</country></cntaddr><cntvoice>303-236-2450</cntvoice><cntfax>303-236-3200</cntfax><cntemail>csanjuan@usgs.gov</cntemail></cntinfo></metc><metstdn>FGDC Content Standard for Digital Geospatial Metadata</metstdn><metstdv>FGDC-STD-001-1998</metstdv></metainfo><dataIdInfo><envirDesc Sync="TRUE"> Version 6.2 (Build 9200) ; Esri ArcGIS 10.4.1.5713</envirDesc><dataLang><languageCode value="eng" Sync="TRUE"/><countryCode value="USA" Sync="TRUE"/></dataLang><idCitation><resTitle Sync="TRUE">PP1802_CritMin_polys</resTitle><presForm><PresFormCd value="005" Sync="TRUE"/></presForm></idCitation><spatRpType><SpatRepTypCd value="001" Sync="TRUE"/></spatRpType><dataExt><geoEle xmlns=""><GeoBndBox esriExtentType="search"><exTypeCode Sync="TRUE">1</exTypeCode><westBL Sync="TRUE">-69.206429</westBL><eastBL Sync="TRUE">117.775230</eastBL><northBL Sync="TRUE">45.055985</northBL><southBL Sync="TRUE">-21.900491</southBL></GeoBndBox></geoEle></dataExt><idPurp>The data represent the global distribution of selected critical mineral resources in mines, deposits, districts, and regions as of 2017. The geospatial data provide generalized information such as feature name, deposit type, and location description. The data are used in the analysis of current and future supply chains of mineral commodities important to the U.S. economy and security and the environmental consequences related to their production and use. The point and polygon vector data in the geodatabase are suitable for use in Geographic Information Systems (GIS) or other database and geospatial software. The data may be used to develop maps, perform regional-scale geospatial analyses, or assess mineral resources in the areas covered by the data. The information is intended to meet the needs of a wide community of users that includes the geoscience and mineral exploration communities as well as State and Federal agencies, Congress, private industry, and the general public.</idPurp><idAbs>&lt;DIV STYLE="text-align:Left;"&gt;&lt;DIV&gt;&lt;P&gt;&lt;SPAN&gt;The point and polygon layers within this geodatabase present the global distribution of selected mineral resource features (deposits, mines, districts, mineral regions) for 22 minerals or mineral commodities considered critical to the economy and security of the United States as of 2017. These data complement the report by Schulz and others (2017) which provides national and global information on 23 critical minerals - antimony (Sb), barite (barium, Ba), beryllium (Be), cobalt (Co), fluorite or fluorspar (fluorine, F), gallium (Ga), germanium (Ge), graphite (carbon, C), hafnium (Hf), indium (In), lithium (Li), manganese (Mn), niobium (Nb), platinum-group elements (PGE), rare-earth elements (REE), rhenium (Re), selenium (Se), tantalum (Ta), tellurium (Te), tin (Sn), titanium (Ti), vanadium (V), and zirconium (Zr) resources. The geospatial locations for deposits containing selenium, which is recovered mainly as a byproduct of other produced mineral commodities, is not included in this geodatabase. These geospatial data and the accompanying report are an update to information published in 1973 in U.S. Geological Survey Professional Paper 820, United States Mineral Resources. For the current and full discussion of the individual critical minerals, their uses, identified resources, national and global distribution, geologic overview, resource assessment, and geoenvironmental considerations see: Schulz, K.J., DeYoung, J.H., Jr., Seal, R.R., II, and Bradley, D.C., eds., 2017, Critical mineral resources of the United States—Economic and environmental geology and prospects for future supply: U.S. Geological Survey Professional Paper 1802, 777 p., https://doi.org/10.3133/pp1802&lt;/SPAN&gt;&lt;/P&gt;&lt;/DIV&gt;&lt;/DIV&gt;</idAbs><idCredit>The data set was developed by the U.S. Geological Survey Eastern Mineral and Environmental Resources Science Center; Alaska Science Center - Geology Office; National Minerals Information Center; Geology, Minerals, Energy, and Geophysics Science Center; and the Central Mineral and Environmental Resources Science Center.</idCredit><searchKeys><keyword>mine sites</keyword><keyword>reserves</keyword><keyword>economic geology</keyword><keyword>geospatial datasets</keyword><keyword>mineral resources</keyword><keyword>web map services</keyword><keyword>antimony</keyword><keyword>barium</keyword><keyword>beryllium</keyword><keyword>cobalt</keyword><keyword>fluorine</keyword><keyword>gallium</keyword><keyword>hafnium</keyword><keyword>lithium</keyword><keyword>manganese</keyword><keyword>niobium</keyword><keyword>platinum-group elements</keyword><keyword>rare-earth elements</keyword><keyword>rhenium</keyword><keyword>selenium</keyword><keyword>tantalum</keyword><keyword>tellurium</keyword><keyword>tin</keyword><keyword>titanium</keyword><keyword>vanadium</keyword><keyword>zirconium</keyword><keyword>mineral deposits</keyword><keyword>geoscientificInformation</keyword><keyword>deposit type</keyword><keyword>geoenvironmental  model</keyword><keyword>mineral commodity</keyword><keyword>mineral occurrence</keyword><keyword>critical mineral resource</keyword><keyword>mining</keyword><keyword>nonfuel mineral resources</keyword><keyword>resource</keyword></searchKeys><resConst><Consts><useLimit>&lt;DIV STYLE="text-align:Left;"&gt;&lt;DIV&gt;&lt;P&gt;&lt;SPAN&gt;The data are intended to show the general global distribution of selected mineral deposits and regions containing critical minerals. The data are not suitable for spatial analyses except at regional scales. Data have been checked to ensure consistency with the accompanying report. If any errors are detected, please notify the originating office. The U.S. Geological Survey strongly recommends that careful attention be paid to the metadata file associated with these data.&lt;/SPAN&gt;&lt;/P&gt;&lt;/DIV&gt;&lt;/DIV&gt;</useLimit></Consts></resConst></dataIdInfo><mdLang><languageCode value="eng" Sync="TRUE"/><countryCode value="USA" Sync="TRUE"/></mdLang><Esri><DataProperties><itemProps><itemName Sync="TRUE">PP1802_CritMin_polys</itemName><imsContentType Sync="TRUE">002</imsContentType><nativeExtBox><westBL Sync="TRUE">-69.206429</westBL><eastBL Sync="TRUE">117.775230</eastBL><southBL Sync="TRUE">-21.900491</southBL><northBL Sync="TRUE">45.055985</northBL><exTypeCode Sync="TRUE">1</exTypeCode></nativeExtBox><itemSize Sync="TRUE">0.012</itemSize><itemLocation><linkage Sync="TRUE">file://\\Igskaccgfsmr3\usmin\!Task 8 CriticalMin PP1802\Final\PP1802_Global_CriticalMinerals\PP1802_CritMin_polys.shp</linkage><protocol Sync="TRUE">Local Area Network</protocol></itemLocation></itemProps><coordRef><type Sync="TRUE">Geographic</type><geogcsn Sync="TRUE">GCS_WGS_1984</geogcsn><csUnits Sync="TRUE">Angular Unit: Degree (0.017453)</csUnits><peXml Sync="TRUE">&lt;GeographicCoordinateSystem xsi:type='typens:GeographicCoordinateSystem' xmlns:xsi='http://www.w3.org/2001/XMLSchema-instance' xmlns:xs='http://www.w3.org/2001/XMLSchema' xmlns:typens='http://www.esri.com/schemas/ArcGIS/10.4'&gt;&lt;WKT&gt;GEOGCS[&amp;quot;GCS_WGS_1984&amp;quot;,DATUM[&amp;quot;D_WGS_1984&amp;quot;,SPHEROID[&amp;quot;WGS_1984&amp;quot;,6378137.0,298.257223563]],PRIMEM[&amp;quot;Greenwich&amp;quot;,0.0],UNIT[&amp;quot;Degree&amp;quot;,0.0174532925199433],AUTHORITY[&amp;quot;EPSG&amp;quot;,4326]]&lt;/WKT&gt;&lt;XOrigin&gt;-400&lt;/XOrigin&gt;&lt;YOrigin&gt;-400&lt;/YOrigin&gt;&lt;XYScale&gt;11258999068426.238&lt;/XYScale&gt;&lt;ZOrigin&gt;-100000&lt;/ZOrigin&gt;&lt;ZScale&gt;10000&lt;/ZScale&gt;&lt;MOrigin&gt;-100000&lt;/MOrigin&gt;&lt;MScale&gt;10000&lt;/MScale&gt;&lt;XYTolerance&gt;8.983152841195215e-009&lt;/XYTolerance&gt;&lt;ZTolerance&gt;0.001&lt;/ZTolerance&gt;&lt;MTolerance&gt;0.001&lt;/MTolerance&gt;&lt;HighPrecision&gt;true&lt;/HighPrecision&gt;&lt;LeftLongitude&gt;-180&lt;/LeftLongitude&gt;&lt;WKID&gt;4326&lt;/WKID&gt;&lt;LatestWKID&gt;4326&lt;/LatestWKID&gt;&lt;/GeographicCoordinateSystem&gt;</peXml></coordRef></DataProperties><SyncDate>20170707</SyncDate><SyncTime>16264400</SyncTime><ModDate>20170707</ModDate><ModTime>16264900</ModTime><scaleRange><minScale>150000000</minScale><maxScale>5000</maxScale></scaleRange><ArcGISProfile>FGDC</ArcGISProfile></Esri><distInfo><distFormat><formatName Sync="TRUE">Shapefile</formatName></distFormat><distTranOps><transSize Sync="TRUE">0.012</transSize></distTranOps></distInfo><mdHrLv><ScopeCd value="005" Sync="TRUE"/></mdHrLv><mdHrLvName Sync="TRUE">dataset</mdHrLvName><refSysInfo><RefSystem><refSysID><identCode code="4326" Sync="TRUE"/><idCodeSpace Sync="TRUE">EPSG</idCodeSpace><idVersion Sync="TRUE">6.14(3.0.1)</idVersion></refSysID></RefSystem></refSysInfo><spatRepInfo><VectSpatRep><geometObjs Name="PP1802_CritMin_polys"><geoObjTyp><GeoObjTypCd value="002" Sync="TRUE"/></geoObjTyp><geoObjCnt Sync="TRUE">4</geoObjCnt></geometObjs><topLvl><TopoLevCd value="001" Sync="TRUE"/></topLvl></VectSpatRep></spatRepInfo><mdDateSt Sync="TRUE">20170707</mdDateSt></metadata>
